{
  "cache_family_summary": {
    "total_income": 84428731.24000001,
    "total_expense": 83068382.52
  },
  "report_family_summary": {
    "total_income": 84493563.12,
    "total_expense": 83133214.39999998,
    "total_salary": 10889718.990000004,
    "salary_ratio": 12.888223182793388
  },
  "calculated_from_profiles": {
    "total_income": 84493563.11999999,
    "total_expense": 83133214.39999999,
    "total_salary": 10889718.990000006
  },
  "individual_profiles": {
    "施灵": {
      "totalIncome": 69035814.41,
      "totalExpense": 67654854.91999999,
      "salaryTotal": 6388796.880000004
    },
    "滕雳": {
      "totalIncome": 11114672.67,
      "totalExpense": 11113511.3,
      "salaryTotal": 3459922.740000002
    },
    "施承天": {
      "totalIncome": 4343076.04,
      "totalExpense": 4364848.18,
      "salaryTotal": 1040999.3699999999
    }
  }
}