{
  "施灵": {
    "totalIncome_top": 69035814.41,
    "totalExpense_top": 67654854.91999999,
    "summary_total_income": 69035814.41,
    "summary_total_expense": 67654854.91999999,
    "income_diff": 0.0,
    "expense_diff": 0.0
  },
  "滕雳": {
    "totalIncome_top": 11114672.67,
    "totalExpense_top": 11113511.3,
    "summary_total_income": 11114672.67,
    "summary_total_expense": 11113511.3,
    "income_diff": 0.0,
    "expense_diff": 0.0
  },
  "施承天": {
    "totalIncome_top": 4343076.04,
    "totalExpense_top": 4364848.18,
    "summary_total_income": 4343076.04,
    "summary_total_expense": 4364848.18,
    "income_diff": 0.0,
    "expense_diff": 0.0
  }
}